page	https://dynamiqes.com/
page	https://dynamiqes.com/book-free-demo/
page	https://dynamiqes.com/products/sap-business-one-philippines/
page	https://dynamiqes.com/products/
page	https://dynamiqes.com/products/dynamiq-ai-sap-b1/
page	https://dynamiqes.com/products/dynamiq-tax-module/
page	https://dynamiqes.com/products/dynamiq-iq-link/
page	https://dynamiqes.com/products/dynamiq-real-estate-management/
page	https://dynamiqes.com/career/
page	https://dynamiqes.com/contact-us/
page	https://dynamiqes.com/privacy-policy/
page	https://dynamiqes.com/client-testimonials/
page	https://dynamiqes.com/products/sap-b1-ecom-platform/
page	https://dynamiqes.com/products/sap-b1-it-desk/
page	https://dynamiqes.com/about-us/
page	https://dynamiqes.com/products/dynamiq-portal/
page	https://dynamiqes.com/products/dynamiq-barcoding/
page	https://dynamiqes.com/our-services/
page	https://dynamiqes.com/accounting-system-philippines/
page	https://dynamiqes.com/erp-solutions-philippines/
page	https://dynamiqes.com/it-solutions-company-philippines/
page	https://dynamiqes.com/barcode-inventory-system-philippines/
page	https://dynamiqes.com/sap-software-philippines/
page	https://dynamiqes.com/bir-cas-philippines/
page	https://dynamiqes.com/bir-cas-provider-philippines/
page	https://dynamiqes.com/promo/bir-cas-solution/
page	https://dynamiqes.com/sap-business-one-provider-philippines/
page	https://dynamiqes.com/promo/accounting-inventory-system/
page	https://dynamiqes.com/promo/erp-system/
page	https://dynamiqes.com/application-form/
page	https://dynamiqes.com/thank-you-accounting/
page	https://dynamiqes.com/thank-you-ad/
dq_product	https://dynamiqes.com/products/
dq_product	https://dynamiqes.com/products/dynamiq-portal/
dq_product	https://dynamiqes.com/products/sap-business-one-philippines/
dq_product	https://dynamiqes.com/products/dynamiq-tax-module/
dq_product	https://dynamiqes.com/products/dynamiq-barcoding/
dq_product	https://dynamiqes.com/products/dynamiq-iq-link/
dq_product	https://dynamiqes.com/products/dynamiq-real-estate-management/
dq_product	https://dynamiqes.com/products/dynamiq-ai-sap-b1/
dq_product	https://dynamiqes.com/products/sap-b1-it-desk/
dq_product	https://dynamiqes.com/products/sap-b1-ecom-platform/
dq_product	https://dynamiqes.com/products/iq-people/
dq_product	https://dynamiqes.com/products/iq-workplace/
dq_product	https://dynamiqes.com/products/iq-tech-institute/
careers	https://dynamiqes.com/careers/sap-s-4-hana-consultant/
careers	https://dynamiqes.com/careers/functional-consultant-sap-business-one/
careers	https://dynamiqes.com/careers/technical-consultant-sap-business-one/
careers	https://dynamiqes.com/careers/functional-consultant-sap-business-one-cebu/
careers	https://dynamiqes.com/careers/project-manager-sap-business-one/
careers	https://dynamiqes.com/careers/sap-b1-helpdesk-support/
careers	https://dynamiqes.com/careers/sales-executive-manila/
careers	https://dynamiqes.com/careers/sales-executive/
customer_testimonial	https://dynamiqes.com/testimonials/intelligent-skin-care/
customer_testimonial	https://dynamiqes.com/testimonials/spartans-3-trading-corporation/
customer_testimonial	https://dynamiqes.com/testimonials/ceciles-pharmacy/
customer_testimonial	https://dynamiqes.com/testimonials/macroasia-corp/
customer_testimonial	https://dynamiqes.com/testimonials/presline-steel-products-inc/
customer_testimonial	https://dynamiqes.com/testimonials/bridgestone/
customer_testimonial	https://dynamiqes.com/testimonials/florabel/
customer_testimonial	https://dynamiqes.com/testimonials/kenstand-philippines-inc/
customer_testimonial	https://dynamiqes.com/testimonials/metalink/
customer_testimonial	https://dynamiqes.com/testimonials/tosoh/
customer_testimonial	https://dynamiqes.com/testimonials/toyo-adtec/
news-events	https://dynamiqes.com/news-event/dynamiq-empowers-smbs-sap-business-one-event-2025/
news-events	https://dynamiqes.com/news-event/channel-partner-event/
news-events	https://dynamiqes.com/news-event/dynamiq-enterprise-solution-inc-brings-hope-and-happiness-to-national-childrens-hospital/
news-events	https://dynamiqes.com/news-event/forest-foundation-philippines-partnership/
news-events	https://dynamiqes.com/news-event/channel-partner-event-2024-synergy-one-partnership-countless-possibilities/
news-events	https://dynamiqes.com/news-event/dynamiq-takes-strides-environmental-stewardship/
news-events	https://dynamiqes.com/news-event/dynamiq-nnn-partner-of-the-year-2024/
post	https://dynamiqes.com/blogs/
post	https://dynamiqes.com/common-reasons-bir-cas-applications-get-rejected-and-how-to-fix-them/
post	https://dynamiqes.com/cas-vs-manual-accounting/
post	https://dynamiqes.com/why-inventory-persists-even-with-basic-systems-and-how-barcode-integration-solves-it/
post	https://dynamiqes.com/cycle-counting-vs-full-inventory-count/
post	https://dynamiqes.com/how-to-ensure-order-accuracy/
post	https://dynamiqes.com/how-barcode-systems-improve-traceability-for-regulated-sectors-philippines/
post	https://dynamiqes.com/role-of-iq-ecom-in-e-commerce-automation/
post	https://dynamiqes.com/how-sap-business-one-automated-processes/
post	https://dynamiqes.com/erp-vs-standalone-software/
post	https://dynamiqes.com/why-businesses-are-moving-towards-integrated-erp-systems-in-2026/
post	https://dynamiqes.com/features-to-look-for-in-erp-system-2026/
post	https://dynamiqes.com/common-erp-implementation-challenges/
post	https://dynamiqes.com/roi-business-impact-choosing-dynamiq-erp-solutions/
post	https://dynamiqes.com/why-traditional-accounting-system-is-not-ideal-for-business-expansion/
post	https://dynamiqes.com/what-philippine-business-are-missing-without-real-time-accounting-visibility/
post	https://dynamiqes.com/challenges-in-handling-multi-entity-accounting/
post	https://dynamiqes.com/what-is-iq-ecom/
post	https://dynamiqes.com/bir-cas-accreditation-process-2026-update/
post	https://dynamiqes.com/how-sales-and-inventory-teams-benefit-from-accounting-system/
post	https://dynamiqes.com/why-accounting-software-matters-logistics-companies/
post	https://dynamiqes.com/common-barriers-to-ai-adoption/
post	https://dynamiqes.com/ways-accounting-software-helps-with-risk-management/
post	https://dynamiqes.com/why-philippine-businesses-struggle-to-close-books-on-time/
post	https://dynamiqes.com/accounting-mistakes-during-year-end-closing/
post	https://dynamiqes.com/why-businesses-struggle-with-disconnected-accounting-tools/
post	https://dynamiqes.com/how-ai-is-transforming-accounting-systems-philippines/
post	https://dynamiqes.com/why-off-the-shelf-accounting-software-no-longer-fits-growing-philippine-businesses/
post	https://dynamiqes.com/configuration-vs-customization-in-sap-business-one-what-philippine-companies-should-choose/
post	https://dynamiqes.com/sap-business-one-end-of-support-what-you-need-to-know/
post	https://dynamiqes.com/leadership-strategies-for-sap-business-one-implementation/
post	https://dynamiqes.com/common-barriers-blocking-ai-adoption-philippine-smes/
post	https://dynamiqes.com/why-limited-technology-planning-holds-philippine-businesses-back/
post	https://dynamiqes.com/how-it-solution-companies-drive-business-growth-and-efficiency-philippines/
post	https://dynamiqes.com/how-growing-businesses-adopt-ai-without-disruption/
post	https://dynamiqes.com/how-sap-improves-inventory-management-in-companies/
post	https://dynamiqes.com/best-way-to-understand-stock-levels/
post	https://dynamiqes.com/how-sap-inventory-management-helps-you-avoid-unexpected-costs/
post	https://dynamiqes.com/what-are-the-hidden-cost-of-not-having-a-centralized-software/
post	https://dynamiqes.com/challenges-philippine-businesses-face-without-integrated-erp/
post	https://dynamiqes.com/importance-of-having-centralized-software-for-businesses/
post	https://dynamiqes.com/benefits-cloud-erpfor-growing-businesses/
post	https://dynamiqes.com/common-accounting-challenges-solved-by-erp/
post	https://dynamiqes.com/why-erp-system-be-part-of-businesss-strategy/
post	https://dynamiqes.com/when-to-switch-from-spreadsheet-to-erp-system/
post	https://dynamiqes.com/how-accounting-system-reduces-financial-fraud/
post	https://dynamiqes.com/why-erp-integration-matters-in-philippine-businesses/
post	https://dynamiqes.com/industry-specific-modules-sap-business-one/
post	https://dynamiqes.com/why-sap-business-one-long-term-investment/
post	https://dynamiqes.com/why-security-matters-accounting-system/
post	https://dynamiqes.com/why-cloud-based-sap-business-one-is-smart-investment/
post	https://dynamiqes.com/myths-about-accounting-software-debunked/
post	https://dynamiqes.com/hidden-cost-delaying-erp-system-upgrade/
post	https://dynamiqes.com/is-digitial-accounting-software-required-philippines/
post	https://dynamiqes.com/best-features-to-look-for-accounting-software/
post	https://dynamiqes.com/how-sap-business-one-supports-business-decisions/
post	https://dynamiqes.com/how-accounting-software-can-transform-retail-business/
post	https://dynamiqes.com/signs-business-is-ready-for-sap-business-one/
post	https://dynamiqes.com/how-it-solutions-improve-customer-experience/
post	https://dynamiqes.com/how-erp-improve-financial-management-for-smes/
post	https://dynamiqes.com/signs-business-is-outgrowing-its-accounting-software/
post	https://dynamiqes.com/how-it-solutions-improve-security-and-efficiency/
post	https://dynamiqes.com/is-sap-business-one-the-right-erp-for-your-growing-business/
post	https://dynamiqes.com/top-erp-features-for-manufacturing-business/
post	https://dynamiqes.com/how-erp-solutions-future-proof-operations/
post	https://dynamiqes.com/why-choose-sap-business-one-over-other-erps/
post	https://dynamiqes.com/how-to-find-legitimate-erp-solutions-provider/
post	https://dynamiqes.com/why-sap-business-one-is-crucial-for-scalability-philippines/
post	https://dynamiqes.com/reasons-business-needs-computerized-accounting-software/
post	https://dynamiqes.com/business-systems-guide/
post	https://dynamiqes.com/is-accounting-software-safe/
post	https://dynamiqes.com/why-small-businesses-switch-cloud-solutions/
post	https://dynamiqes.com/inventory-management-system-philippines/
post	https://dynamiqes.com/ways-small-businesses-benefit-accounting-software/
post	https://dynamiqes.com/how-is-sap-business-one-flexible-infrastructure/
post	https://dynamiqes.com/does-my-company-need-a-business-system/
post	https://dynamiqes.com/sap-business-one-erp-solution-for-growing-business/
post	https://dynamiqes.com/common-erp-modules-used-by-companies/
post	https://dynamiqes.com/inventory-management-system-importance/
post	https://dynamiqes.com/how-accounting-software-helps-during-financial-close/
post	https://dynamiqes.com/essential-features-business-system/
post	https://dynamiqes.com/signs-your-business-needs-erp-solutions-philippines/
post	https://dynamiqes.com/why-your-business-needs-it-solutions-now/
post	https://dynamiqes.com/how-bir-requirements-affect-business-cas/
post	https://dynamiqes.com/ai-sap-business-one/
post	https://dynamiqes.com/features-inventory-management-system/
post	https://dynamiqes.com/advantage-sap-business-for-inventory-management-system/
post	https://dynamiqes.com/does-small-business-need-accounting-software/
post	https://dynamiqes.com/how-to-optimize-your-business-with-sap-business-one/
post	https://dynamiqes.com/how-long-to-implement-erp-system/
post	https://dynamiqes.com/ways-sap-business-one-affects-customer-experience/
post	https://dynamiqes.com/how-to-grow-business-with-sap-business-one/
post	https://dynamiqes.com/why-data-security-is-top-priority-erp-solutions/
post	https://dynamiqes.com/how-to-choose-right-it-solutions-your-business/
post	https://dynamiqes.com/top-erp-modules-and-what-they-do/
post	https://dynamiqes.com/impact-of-it-solutions-in-philippine-manufacturing/
post	https://dynamiqes.com/succession-planning-with-erp/
post	https://dynamiqes.com/it-solutions-for-seamless-virtual-office-experience/
post	https://dynamiqes.com/how-cloud-solutions-transform-your-business/
post	https://dynamiqes.com/cloud-based-vs-on-premises-erp/
post	https://dynamiqes.com/how-to-modernize-your-business-for-the-future/
post	https://dynamiqes.com/why-choose-dynamiq-sap-provider/
post	https://dynamiqes.com/how-sap-business-one-can-improve-your-mid-year-strategies/
post	https://dynamiqes.com/how-dynamiqs-support-services-keep-your-business-running/
post	https://dynamiqes.com/what-makes-sap-business-one-stand-out-in-the-market/
post	https://dynamiqes.com/make-the-most-of-sap-business-one/
post	https://dynamiqes.com/sap-business-one-for-retailers/
post	https://dynamiqes.com/efficient-information-handling-business/
post	https://dynamiqes.com/it-solutions-provider/
post	https://dynamiqes.com/how-to-choose-the-right-sap-software-services-philippines/
post	https://dynamiqes.com/how-sap-software-boosts-productivity-in-the-workplace/
post	https://dynamiqes.com/tips-transitioning-new-erp-solutions/
post	https://dynamiqes.com/benefits-sap-business-one/
post	https://dynamiqes.com/how-streamline-business-operations-bir-cas/
post	https://dynamiqes.com/benefits-partnering-with-bir-cas-providers-philippines/
post	https://dynamiqes.com/choosing-the-right-bir-cas-for-your-business/
post	https://dynamiqes.com/reasons-you-need-a-bir-cas/
post	https://dynamiqes.com/benefits-sap-software-partner/
post	https://dynamiqes.com/sap-best-erp-solution-philippines/
post	https://dynamiqes.com/myths-about-sap-for-smes/
post	https://dynamiqes.com/how-to-know-its-time-to-switch-your-sap-implementation-partner/
post	https://dynamiqes.com/characteristics-of-a-sap-business-one-provider/
post	https://dynamiqes.com/what-does-it-mean-to-be-an-sap-gold-partner/
post	https://dynamiqes.com/sales-forecasting-and-demand-planning-importance/
post	https://dynamiqes.com/best-practices-workforce-management/
post	https://dynamiqes.com/tips-choosing-right-erp-system-small-business/
post	https://dynamiqes.com/right-tools-business-growth/
post	https://dynamiqes.com/core-erp-system-features-and-functions/
post	https://dynamiqes.com/benefits-of-cloud-based-sap-business-one/
post	https://dynamiqes.com/importance-cloud-computing/
post	https://dynamiqes.com/it-consulting-services/
post	https://dynamiqes.com/key-features-erp-solutions-provider-philippines/
post	https://dynamiqes.com/why-mobile-erp-essential-for-business-flexibility/
post	https://dynamiqes.com/tips-for-successful-sap-business-one-solution-integration/
post	https://dynamiqes.com/why-cloud-based-erp-solutions-are-gaining-popularity-philippines/
post	https://dynamiqes.com/tips-on-how-to-maximize-your-current-erp-system/
post	https://dynamiqes.com/maximize-sales-and-customer-experience/
post	https://dynamiqes.com/role-it-solutions/
post	https://dynamiqes.com/improve-business-financial-management/
post	https://dynamiqes.com/maximize-business-operations/
post	https://dynamiqes.com/best-erp-solution-philippines/
post	https://dynamiqes.com/managing-business-process-manually/
post	https://dynamiqes.com/reasons-smes-should-try-sap-business-one/
post	https://dynamiqes.com/is-sap-software-safe/
post	https://dynamiqes.com/reasons-to-use-barcode-inventory-in-your-stores/
post	https://dynamiqes.com/is-sap-business-one-only-for-large-businesses/
post	https://dynamiqes.com/ways-it-solutions-boost-your-sales-team/
post	https://dynamiqes.com/what-is-retail-inventory-management/
post	https://dynamiqes.com/common-business-problems-sap-business-one-can-solve/
post	https://dynamiqes.com/reasons-you-should-automate-your-tax-processes/
post	https://dynamiqes.com/how-to-reduce-administration-work-using-it-solutions/
post	https://dynamiqes.com/who-can-use-cas-philippines/
post	https://dynamiqes.com/what-do-businesses-need-to-submit-to-bir/
post	https://dynamiqes.com/manual-system-vs-cas/
post	https://dynamiqes.com/advantages-of-bir-cas/
post	https://dynamiqes.com/it-solutions-company-services/
post	https://dynamiqes.com/protect-business-from-cyber-threat/
post	https://dynamiqes.com/tips-for-sap-implementation/
post	https://dynamiqes.com/ways-an-erp-solution-can-help-with-business-process-improvement/
post	https://dynamiqes.com/common-erp-mistakes/
post	https://dynamiqes.com/tips-to-maintain-your-barcode-inventory-system/
post	https://dynamiqes.com/what-is-sales-automation/
post	https://dynamiqes.com/advantages-of-it-solutions-in-logistics/
post	https://dynamiqes.com/types-of-business-systems/
post	https://dynamiqes.com/how-to-plan-your-sap-business-one-implementation/
post	https://dynamiqes.com/benefits-of-barcodes-in-supply-chains/
post	https://dynamiqes.com/ways-to-improve-accounting/
post	https://dynamiqes.com/why-is-accounting-important-for-businesses/
post	https://dynamiqes.com/ways-to-automate-your-sales-and-customer-management/
post	https://dynamiqes.com/mistakes-to-avoid-when-implementing-sap-business-one/
post	https://dynamiqes.com/what-are-processes-that-businesses-can-automate/
post	https://dynamiqes.com/benefits-of-paperless-audit-systems/
post	https://dynamiqes.com/how-to-implement-a-barcode-inventory-system/
post	https://dynamiqes.com/reasons-why-you-should-invest-in-enterprise-resource-planning/
post	https://dynamiqes.com/advantages-of-using-accounting-software/
post	https://dynamiqes.com/benefits-of-filipino-it-solutions-provider/
post	https://dynamiqes.com/what-is-business-process-improvement/
post	https://dynamiqes.com/barcode-inventory-system/
post	https://dynamiqes.com/what-is-erp/
post	https://dynamiqes.com/tips-for-effective-time-management/
post	https://dynamiqes.com/ways-to-improve-business-efficiency/
post	https://dynamiqes.com/benefits-of-erp-for-small-businesses/
post	https://dynamiqes.com/who-is-sap/
post	https://dynamiqes.com/benefits-of-sap-software/
post	https://dynamiqes.com/features-of-sap-business-one/
post	https://dynamiqes.com/reasons-to-use-sap-business-one/
post	https://dynamiqes.com/benefits-of-using-a-barcode-inventory-system/
post	https://dynamiqes.com/can-i-use-qr-codes-for-my-inventory-system/
post	https://dynamiqes.com/types-of-it-solutions/
post	https://dynamiqes.com/problems-of-new-barcode-inventory-systems/
post	https://dynamiqes.com/it-solutions-for-businesses/
post	https://dynamiqes.com/benefits-of-working-with-it-solution-companies/
post	https://dynamiqes.com/advantages-of-it-solutions/
post	https://dynamiqes.com/how-accounting-systems-help-in-reducing-financial-fraud/
